,iso_code,location,total_cases,gdp_per_capita
260067,TLS,Timor,1.0,6570.102
25621,BLZ,Belize,1.0,7824.362
45342,CPV,Cape Verde,1.0,6222.554
93983,GEO,Georgia,1.0,9745.079
43009,CMR,Cameroon,2.0,3364.926
250791,SUR,Suriname,1.0,13767.119
235655,SGP,Singapore,1.0,85535.383
15112,AUS,Australia,1.0,44648.71
226472,SMR,San Marino,1.0,56861.47
193977,NOR,Norway,1.0,64800.057
175967,NAM,Namibia,2.0,9541.808
177877,NRU,Nauru,2.0,12895.635
126468,JAM,Jamaica,1.0,8193.571
246173,SSD,South Sudan,1.0,1569.888
120643,IRQ,Iraq,5.0,15663.986
63888,CZE,Czechia,3.0,32605.906
46496,CYM,Cayman Islands,1.0,49903.029
228795,SAU,Saudi Arabia,5.0,49045.411
125262,ITA,Italy,2.0,35220.084
234563,SLE,Sierra Leone,1.0,1390.3
216048,RWA,Rwanda,1.0,1854.211
66207,DNK,Denmark,1.0,46682.515
58095,CIV,Cote d'Ivoire,1.0,3601.006
134109,KIR,Kiribati,37.0,1981.132
162049,MUS,Mauritius,3.0,20292.745
160884,MRT,Mauritania,1.0,3597.633
231050,SEN,Senegal,1.0,2470.58
67390,DJI,Djibouti,5.0,2705.406
26773,BEN,Benin,1.0,2064.236
204433,PER,Peru,9.0,12236.706
279787,URY,Uruguay,4.0,20551.409
271301,TUV,Tuvalu,3.0,3575.104
207912,POL,Poland,1.0,27216.445
77734,EST,Estonia,1.0,29481.252
288901,OWID_WRL,World,3.0,15469.207
157396,MLT,Malta,1.0,36513.323
141617,LSO,Lesotho,1.0,2851.153
95090,DEU,Germany,1.0,45229.245
172474,MAR,Morocco,5.0,7485.013
151609,MDG,Madagascar,1.0,1416.44
185235,NGA,Nigeria,1.0,5338.454
292461,ZWE,Zimbabwe,1.0,1899.775
91679,GAB,Gabon,1.0,16562.413
257744,TZA,Tanzania,1.0,2683.304
181754,NZL,New Zealand,1.0,36085.843
149669,LUX,Luxembourg,1.0,94277.965
258840,THA,Thailand,1.0,16277.671
242657,ZAF,South Africa,1.0,12294.876
152781,MWI,Malawi,3.0,1095.042
139224,LVA,Latvia,1.0,25063.846
68556,DMA,Dominica,1.0,9673.367
156256,MLI,Mali,1.0,2014.306
275099,GBR,United Kingdom,1.0,39753.244
179431,NLD,Netherlands,1.0,48472.545
34874,BRA,Brazil,1.0,14103.452
9352,ATG,Antigua and Barbuda,1.0,21490.943
59241,HRV,Croatia,1.0,22669.797
29082,BTN,Bhutan,1.0,8708.597
22133,BRB,Barbados,2.0,16978.068
114850,HUN,Hungary,2.0,26777.561
3534,DZA,Algeria,1.0,13913.839
169002,MNG,Mongolia,1.0,11840.846
32561,BIH,Bosnia and Herzegovina,2.0,11713.895
107938,GNB,Guinea-Bissau,2.0,1548.675
78910,SWZ,Eswatini,1.0,7738.975
225590,WSM,Samoa,1.0,6021.557
37209,BRN,Brunei,1.0,71809.251
272810,UKR,Ukraine,1.0,7894.393
10504,ARG,Argentina,10.0,18933.907
41810,KHM,Cambodia,1.0,3645.07
88147,FRA,France,3.0,38605.671
240549,SLB,Solomon Islands,1.0,2205.923
146181,LTU,Lithuania,1.0,29524.265
213707,ROU,Romania,1.0,23313.199
70854,ECU,Ecuador,1.0,10581.936
232214,SRB,Serbia,1.0,14048.881
170169,MNE,Montenegro,2.0,16409.288
118330,IDN,Indonesia,2.0,11188.744
220688,LCA,Saint Lucia,1.0,12951.839
76598,ERI,Eritrea,1.0,1510.459
39532,BFA,Burkina Faso,2.0,1703.102
7047,AGO,Angola,1.0,5819.495
86966,FIN,Finland,1.0,40585.721
12840,ABW,Aruba,4.0,35973.781
33747,BWA,Botswana,3.0,15807.374
276247,USA,United States,1.0,54225.446
210241,PRI,Puerto Rico,2.0,35044.67
47652,CAF,Central African Republic,1.0,661.24
158793,MHL,Marshall Islands,1.0,3819.202
291299,ZMB,Zambia,2.0,3689.251
127572,JPN,Japan,1.0,39002.223
202127,PNG,Papua New Guinea,1.0,3823.194
253093,CHE,Switzerland,1.0,57410.166
284429,VEN,Venezuela,6.0,16745.022
142719,LBR,Liberia,1.0,752.788
197463,PAK,Pakistan,6.0,5034.708
53507,COM,Comoros,1.0,1413.89
48822,TCD,Chad,1.0,1768.153
209072,PRT,Portugal,2.0,27936.896
19787,BHR,Bahrain,5.0,43290.705
